Algoritm,Seed,Max Iter,Population,BitFlip Prob,Energy,Time (s)
EA,0,50000,20,0.0005,12629.0,4.876
EA,0,50000,20,0.001,12807.0,4.391
EA,0,50000,20,0.002,12825.0,4.346
EA,0,50000,20,0.005,12559.0,4.439
EA,0,50000,20,0.01,11093.0,4.844
EA,0,50000,50,0.0005,12660.0,4.456
EA,0,50000,50,0.001,12849.0,4.459
EA,0,50000,50,0.002,12750.0,4.863
EA,0,50000,50,0.005,12283.0,4.449
EA,0,50000,50,0.01,11424.0,4.333
EA,0,50000,100,0.0005,12806.0,4.399
EA,0,50000,100,0.001,12862.0,4.486
EA,0,50000,100,0.002,12682.0,4.274
EA,0,50000,100,0.005,12203.0,4.372
EA,0,50000,100,0.01,11221.0,4.325
EA,0,50000,200,0.0005,12689.0,4.746
EA,0,50000,200,0.001,12790.0,4.981
EA,0,50000,200,0.002,12363.0,4.464
EA,0,50000,200,0.005,11782.0,4.528
EA,0,50000,200,0.01,10824.0,4.506
EA,0,50000,500,0.0005,11940.0,4.741
EA,0,50000,500,0.001,11849.0,5.074
EA,0,50000,500,0.002,11710.0,5.677
EA,0,50000,500,0.005,11064.0,4.684
EA,0,50000,500,0.01,9968.0,5.189
EA,0,50000,1000,0.0005,11001.0,5.623
EA,0,50000,1000,0.001,10792.0,5.059
EA,0,50000,1000,0.002,10954.0,5.409
EA,0,50000,1000,0.005,10328.0,6.027
EA,0,50000,1000,0.01,9070.0,5.540
EA,0,75000,20,0.0005,12629.0,4.719
EA,0,75000,20,0.001,12807.0,4.456
EA,0,75000,20,0.002,12825.0,4.887
EA,0,75000,20,0.005,12559.0,4.458
EA,0,75000,20,0.01,11093.0,4.520
EA,0,75000,50,0.0005,12660.0,4.415
EA,0,75000,50,0.001,12849.0,4.515
EA,0,75000,50,0.002,12750.0,4.449
EA,0,75000,50,0.005,12283.0,4.497
EA,0,75000,50,0.01,11424.0,4.121
EA,0,75000,100,0.0005,12806.0,4.851
EA,0,75000,100,0.001,12862.0,4.354
EA,0,75000,100,0.002,12682.0,4.807
EA,0,75000,100,0.005,12203.0,4.337
EA,0,75000,100,0.01,11221.0,4.471
EA,0,75000,200,0.0005,12689.0,4.535
EA,0,75000,200,0.001,12790.0,4.939
EA,0,75000,200,0.002,12363.0,5.141
EA,0,75000,200,0.005,11782.0,4.836
EA,0,75000,200,0.01,10824.0,4.515
EA,0,75000,500,0.0005,11940.0,4.708
EA,0,75000,500,0.001,11849.0,4.715
EA,0,75000,500,0.002,11710.0,4.669
EA,0,75000,500,0.005,11064.0,4.676
EA,0,75000,500,0.01,9968.0,4.586
EA,0,75000,1000,0.0005,11001.0,4.860
EA,0,75000,1000,0.001,10792.0,5.942
EA,0,75000,1000,0.002,10954.0,4.987
EA,0,75000,1000,0.005,10328.0,6.456
EA,0,75000,1000,0.01,9070.0,5.109
EA,0,100000,20,0.0005,12629.0,4.355
EA,0,100000,20,0.001,12807.0,4.671
EA,0,100000,20,0.002,12825.0,4.408
EA,0,100000,20,0.005,12559.0,4.661
EA,0,100000,20,0.01,11093.0,4.734
EA,0,100000,50,0.0005,12660.0,4.496
EA,0,100000,50,0.001,12849.0,4.457
EA,0,100000,50,0.002,12750.0,4.774
EA,0,100000,50,0.005,12283.0,4.498
EA,0,100000,50,0.01,11424.0,4.451
EA,0,100000,100,0.0005,12806.0,4.484
EA,0,100000,100,0.001,12862.0,4.889
EA,0,100000,100,0.002,12682.0,4.866
EA,0,100000,100,0.005,12203.0,4.476
EA,0,100000,100,0.01,11221.0,4.899
EA,0,100000,200,0.0005,12689.0,4.515
EA,0,100000,200,0.001,12790.0,4.496
EA,0,100000,200,0.002,12363.0,4.666
EA,0,100000,200,0.005,11782.0,4.960
EA,0,100000,200,0.01,10824.0,4.478
EA,0,100000,500,0.0005,11940.0,4.794
EA,0,100000,500,0.001,11849.0,4.729
EA,0,100000,500,0.002,11710.0,4.689
EA,0,100000,500,0.005,11064.0,4.610
EA,0,100000,500,0.01,9968.0,4.610
EA,0,100000,1000,0.0005,11001.0,4.878
EA,0,100000,1000,0.001,10792.0,6.496
EA,0,100000,1000,0.002,10954.0,5.159
EA,0,100000,1000,0.005,10328.0,5.661
EA,0,100000,1000,0.01,9070.0,5.463
EA,1,50000,20,0.0005,12810.0,4.474
EA,1,50000,20,0.001,12848.0,4.414
EA,1,50000,20,0.002,12913.0,4.485
EA,1,50000,20,0.005,12503.0,4.545
EA,1,50000,20,0.01,11504.0,4.947
EA,1,50000,50,0.0005,12965.0,4.462
EA,1,50000,50,0.001,12869.0,4.455
EA,1,50000,50,0.002,12935.0,4.507
EA,1,50000,50,0.005,12364.0,4.485
EA,1,50000,50,0.01,11112.0,4.487
EA,1,50000,100,0.0005,12785.0,4.465
EA,1,50000,100,0.001,12613.0,4.773
EA,1,50000,100,0.002,12723.0,4.475
EA,1,50000,100,0.005,12242.0,4.488
EA,1,50000,100,0.01,11102.0,4.931
EA,1,50000,200,0.0005,12710.0,4.414
EA,1,50000,200,0.001,12731.0,4.347
EA,1,50000,200,0.002,12649.0,4.532
EA,1,50000,200,0.005,11994.0,4.558
EA,1,50000,200,0.01,10630.0,4.982
EA,1,50000,500,0.0005,12061.0,4.744
EA,1,50000,500,0.001,12033.0,4.807
EA,1,50000,500,0.002,11970.0,4.522
EA,1,50000,500,0.005,11234.0,4.704
EA,1,50000,500,0.01,10002.0,4.722
EA,1,50000,1000,0.0005,9940.0,5.503
EA,1,50000,1000,0.001,11232.0,5.040
EA,1,50000,1000,0.002,10851.0,5.535
EA,1,50000,1000,0.005,10262.0,5.200
EA,1,50000,1000,0.01,8975.0,5.874
EA,1,75000,20,0.0005,12810.0,4.462
EA,1,75000,20,0.001,12848.0,4.422
EA,1,75000,20,0.002,12913.0,4.951
EA,1,75000,20,0.005,12503.0,4.862
EA,1,75000,20,0.01,11504.0,4.439
EA,1,75000,50,0.0005,12965.0,4.758
EA,1,75000,50,0.001,12869.0,4.734
EA,1,75000,50,0.002,12935.0,4.323
EA,1,75000,50,0.005,12364.0,4.445
EA,1,75000,50,0.01,11112.0,5.246
EA,1,75000,100,0.0005,12785.0,4.472
EA,1,75000,100,0.001,12613.0,4.464
EA,1,75000,100,0.002,12723.0,4.423
EA,1,75000,100,0.005,12242.0,4.900
EA,1,75000,100,0.01,11102.0,4.468
EA,1,75000,200,0.0005,12710.0,4.468
EA,1,75000,200,0.001,12731.0,4.409
EA,1,75000,200,0.002,12649.0,4.424
EA,1,75000,200,0.005,11994.0,4.398
EA,1,75000,200,0.01,10630.0,4.391
EA,1,75000,500,0.0005,12061.0,4.830
EA,1,75000,500,0.001,12033.0,5.489
EA,1,75000,500,0.002,11970.0,4.635
EA,1,75000,500,0.005,11234.0,5.419
EA,1,75000,500,0.01,10002.0,5.276
EA,1,75000,1000,0.0005,9940.0,5.599
EA,1,75000,1000,0.001,11232.0,5.646
EA,1,75000,1000,0.002,10851.0,5.583
EA,1,75000,1000,0.005,10262.0,5.156
EA,1,75000,1000,0.01,8975.0,5.944
EA,1,100000,20,0.0005,12810.0,4.723
EA,1,100000,20,0.001,12848.0,4.397
EA,1,100000,20,0.002,12913.0,4.052
EA,1,100000,20,0.005,12503.0,4.409
EA,1,100000,20,0.01,11504.0,4.415
EA,1,100000,50,0.0005,12965.0,4.362
EA,1,100000,50,0.001,12869.0,4.470
EA,1,100000,50,0.002,12935.0,4.743
EA,1,100000,50,0.005,12364.0,4.438
EA,1,100000,50,0.01,11112.0,4.339
EA,1,100000,100,0.0005,12785.0,4.406
EA,1,100000,100,0.001,12613.0,4.448
EA,1,100000,100,0.002,12723.0,4.459
EA,1,100000,100,0.005,12242.0,4.499
EA,1,100000,100,0.01,11102.0,4.500
EA,1,100000,200,0.0005,12710.0,5.385
EA,1,100000,200,0.001,12731.0,4.493
EA,1,100000,200,0.002,12649.0,4.337
EA,1,100000,200,0.005,11994.0,4.862
EA,1,100000,200,0.01,10630.0,4.500
EA,1,100000,500,0.0005,12061.0,5.105
EA,1,100000,500,0.001,12033.0,4.722
EA,1,100000,500,0.002,11970.0,5.216
EA,1,100000,500,0.005,11234.0,5.370
EA,1,100000,500,0.01,10002.0,5.126
EA,1,100000,1000,0.0005,9940.0,5.326
EA,1,100000,1000,0.001,11232.0,5.163
EA,1,100000,1000,0.002,10851.0,5.160
EA,1,100000,1000,0.005,10262.0,5.009
EA,1,100000,1000,0.01,8975.0,5.892
EA,2,50000,20,0.0005,12701.0,4.433
EA,2,50000,20,0.001,12841.0,5.131
EA,2,50000,20,0.002,12796.0,4.904
EA,2,50000,20,0.005,12499.0,4.619
EA,2,50000,20,0.01,11322.0,4.406
EA,2,50000,50,0.0005,12740.0,4.439
EA,2,50000,50,0.001,12764.0,3.860
EA,2,50000,50,0.002,12714.0,5.256
EA,2,50000,50,0.005,12425.0,4.932
EA,2,50000,50,0.01,11308.0,4.406
EA,2,50000,100,0.0005,12904.0,4.733
EA,2,50000,100,0.001,12883.0,4.464
EA,2,50000,100,0.002,12758.0,4.328
EA,2,50000,100,0.005,12113.0,4.351
EA,2,50000,100,0.01,11161.0,4.369
EA,2,50000,200,0.0005,12753.0,4.586
EA,2,50000,200,0.001,12743.0,4.508
EA,2,50000,200,0.002,12414.0,5.244
EA,2,50000,200,0.005,11898.0,4.580
EA,2,50000,200,0.01,10409.0,4.406
EA,2,50000,500,0.0005,12046.0,4.631
EA,2,50000,500,0.001,12164.0,4.612
EA,2,50000,500,0.002,12003.0,5.162
EA,2,50000,500,0.005,11249.0,4.698
EA,2,50000,500,0.01,9908.0,4.582
EA,2,50000,1000,0.0005,10826.0,5.581
EA,2,50000,1000,0.001,10828.0,5.048
EA,2,50000,1000,0.002,10893.0,5.157
EA,2,50000,1000,0.005,10137.0,5.917
EA,2,50000,1000,0.01,9235.0,5.543
EA,2,75000,20,0.0005,12701.0,4.265
EA,2,75000,20,0.001,12841.0,4.494
EA,2,75000,20,0.002,12796.0,4.344
EA,2,75000,20,0.005,12499.0,4.542
EA,2,75000,20,0.01,11322.0,4.448
EA,2,75000,50,0.0005,12740.0,4.516
EA,2,75000,50,0.001,12764.0,4.382
EA,2,75000,50,0.002,12714.0,4.437
EA,2,75000,50,0.005,12425.0,4.448
EA,2,75000,50,0.01,11308.0,4.434
EA,2,75000,100,0.0005,12904.0,4.492
EA,2,75000,100,0.001,12883.0,4.364
EA,2,75000,100,0.002,12758.0,4.537
EA,2,75000,100,0.005,12113.0,4.897
EA,2,75000,100,0.01,11161.0,4.484
EA,2,75000,200,0.0005,12753.0,4.486
EA,2,75000,200,0.001,12743.0,4.483
EA,2,75000,200,0.002,12414.0,4.981
EA,2,75000,200,0.005,11898.0,4.763
EA,2,75000,200,0.01,10409.0,4.433
EA,2,75000,500,0.0005,12046.0,5.918
EA,2,75000,500,0.001,12164.0,4.747
EA,2,75000,500,0.002,12003.0,4.847
EA,2,75000,500,0.005,11249.0,4.825
EA,2,75000,500,0.01,9908.0,4.680
EA,2,75000,1000,0.0005,10826.0,7.080
EA,2,75000,1000,0.001,10828.0,5.002
EA,2,75000,1000,0.002,10893.0,6.739
EA,2,75000,1000,0.005,10137.0,5.849
EA,2,75000,1000,0.01,9235.0,5.052
EA,2,100000,20,0.0005,12701.0,4.310
EA,2,100000,20,0.001,12841.0,4.332
EA,2,100000,20,0.002,12796.0,4.393
EA,2,100000,20,0.005,12499.0,4.712
EA,2,100000,20,0.01,11322.0,4.545
EA,2,100000,50,0.0005,12740.0,4.835
EA,2,100000,50,0.001,12764.0,4.749
EA,2,100000,50,0.002,12714.0,4.898
EA,2,100000,50,0.005,12425.0,4.482
EA,2,100000,50,0.01,11308.0,4.445
EA,2,100000,100,0.0005,12904.0,4.344
EA,2,100000,100,0.001,12883.0,4.439
EA,2,100000,100,0.002,12758.0,4.338
EA,2,100000,100,0.005,12113.0,4.338
EA,2,100000,100,0.01,11161.0,4.750
EA,2,100000,200,0.0005,12753.0,4.928
EA,2,100000,200,0.001,12743.0,4.472
EA,2,100000,200,0.002,12414.0,4.484
EA,2,100000,200,0.005,11898.0,4.946
EA,2,100000,200,0.01,10409.0,4.518
EA,2,100000,500,0.0005,12046.0,4.709
EA,2,100000,500,0.001,12164.0,4.783
EA,2,100000,500,0.002,12003.0,4.631
EA,2,100000,500,0.005,11249.0,4.691
EA,2,100000,500,0.01,9908.0,4.673
EA,2,100000,1000,0.0005,10826.0,5.042
EA,2,100000,1000,0.001,10828.0,5.919
EA,2,100000,1000,0.002,10893.0,5.209
EA,2,100000,1000,0.005,10137.0,5.571
EA,2,100000,1000,0.01,9235.0,4.845
EA,3,50000,20,0.0005,12890.0,4.765
EA,3,50000,20,0.001,12828.0,4.457
EA,3,50000,20,0.002,12852.0,4.404
EA,3,50000,20,0.005,12448.0,4.272
EA,3,50000,20,0.01,11434.0,4.498
EA,3,50000,50,0.0005,12803.0,4.445
EA,3,50000,50,0.001,12881.0,4.871
EA,3,50000,50,0.002,12782.0,4.304
EA,3,50000,50,0.005,12377.0,4.452
EA,3,50000,50,0.01,11328.0,4.337
EA,3,50000,100,0.0005,12773.0,4.787
EA,3,50000,100,0.001,12544.0,4.434
EA,3,50000,100,0.002,12740.0,4.928
EA,3,50000,100,0.005,12081.0,4.929
EA,3,50000,100,0.01,11082.0,4.421
EA,3,50000,200,0.0005,12804.0,4.750
EA,3,50000,200,0.001,12740.0,4.866
EA,3,50000,200,0.002,12585.0,4.936
EA,3,50000,200,0.005,11740.0,5.113
EA,3,50000,200,0.01,10823.0,4.334
EA,3,50000,500,0.0005,11779.0,4.637
EA,3,50000,500,0.001,11784.0,4.739
EA,3,50000,500,0.002,11922.0,5.120
EA,3,50000,500,0.005,11400.0,4.706
EA,3,50000,500,0.01,10222.0,4.605
EA,3,50000,1000,0.0005,10629.0,5.114
EA,3,50000,1000,0.001,10728.0,5.062
EA,3,50000,1000,0.002,10886.0,5.381
EA,3,50000,1000,0.005,10384.0,6.244
EA,3,50000,1000,0.01,8902.0,5.507
EA,3,75000,20,0.0005,12890.0,4.512
EA,3,75000,20,0.001,12828.0,4.402
EA,3,75000,20,0.002,12852.0,4.412
EA,3,75000,20,0.005,12448.0,4.554
EA,3,75000,20,0.01,11434.0,4.418
EA,3,75000,50,0.0005,12803.0,4.469
EA,3,75000,50,0.001,12881.0,4.431
EA,3,75000,50,0.002,12782.0,4.446
EA,3,75000,50,0.005,12377.0,4.334
EA,3,75000,50,0.01,11328.0,4.503
EA,3,75000,100,0.0005,12773.0,4.855
EA,3,75000,100,0.001,12544.0,4.806
EA,3,75000,100,0.002,12740.0,4.201
EA,3,75000,100,0.005,12081.0,4.500
EA,3,75000,100,0.01,11082.0,4.881
EA,3,75000,200,0.0005,12804.0,4.752
EA,3,75000,200,0.001,12740.0,4.487
EA,3,75000,200,0.002,12585.0,5.228
EA,3,75000,200,0.005,11740.0,5.345
EA,3,75000,200,0.01,10823.0,4.474
EA,3,75000,500,0.0005,11779.0,4.743
EA,3,75000,500,0.001,11784.0,4.684
EA,3,75000,500,0.002,11922.0,5.481
EA,3,75000,500,0.005,11400.0,5.561
EA,3,75000,500,0.01,10222.0,5.159
EA,3,75000,1000,0.0005,10629.0,5.839
EA,3,75000,1000,0.001,10728.0,5.958
EA,3,75000,1000,0.002,10886.0,5.579
EA,3,75000,1000,0.005,10384.0,6.266
EA,3,75000,1000,0.01,8902.0,5.414
EA,3,100000,20,0.0005,12890.0,4.411
EA,3,100000,20,0.001,12828.0,4.311
EA,3,100000,20,0.002,12852.0,4.474
EA,3,100000,20,0.005,12448.0,4.691
EA,3,100000,20,0.01,11434.0,4.404
EA,3,100000,50,0.0005,12803.0,4.493
EA,3,100000,50,0.001,12881.0,4.337
EA,3,100000,50,0.002,12782.0,4.313
EA,3,100000,50,0.005,12377.0,4.527
EA,3,100000,50,0.01,11328.0,4.350
EA,3,100000,100,0.0005,12773.0,4.411
EA,3,100000,100,0.001,12544.0,4.444
EA,3,100000,100,0.002,12740.0,4.454
EA,3,100000,100,0.005,12081.0,4.555
EA,3,100000,100,0.01,11082.0,4.508
EA,3,100000,200,0.0005,12804.0,4.529
EA,3,100000,200,0.001,12740.0,4.482
EA,3,100000,200,0.002,12585.0,4.969
EA,3,100000,200,0.005,11740.0,5.446
EA,3,100000,200,0.01,10823.0,4.430
EA,3,100000,500,0.0005,11779.0,5.168
EA,3,100000,500,0.001,11784.0,4.692
EA,3,100000,500,0.002,11922.0,5.123
EA,3,100000,500,0.005,11400.0,4.690
EA,3,100000,500,0.01,10222.0,4.796
EA,3,100000,1000,0.0005,10629.0,5.154
EA,3,100000,1000,0.001,10728.0,6.125
EA,3,100000,1000,0.002,10886.0,5.037
EA,3,100000,1000,0.005,10384.0,5.448
EA,3,100000,1000,0.01,8902.0,5.913
EA,4,50000,20,0.0005,12911.0,4.575
EA,4,50000,20,0.001,12860.0,4.387
EA,4,50000,20,0.002,12902.0,4.383
EA,4,50000,20,0.005,12661.0,4.473
EA,4,50000,20,0.01,11274.0,4.384
EA,4,50000,50,0.0005,12812.0,4.434
EA,4,50000,50,0.001,12931.0,4.347
EA,4,50000,50,0.002,12894.0,4.855
EA,4,50000,50,0.005,12455.0,4.705
EA,4,50000,50,0.01,11232.0,4.502
EA,4,50000,100,0.0005,12865.0,4.472
EA,4,50000,100,0.001,12716.0,4.385
EA,4,50000,100,0.002,12753.0,4.390
EA,4,50000,100,0.005,12204.0,4.476
EA,4,50000,100,0.01,11317.0,4.420
EA,4,50000,200,0.0005,12726.0,4.551
EA,4,50000,200,0.001,12592.0,4.415
EA,4,50000,200,0.002,12575.0,4.412
EA,4,50000,200,0.005,11872.0,4.391
EA,4,50000,200,0.01,10767.0,4.322
EA,4,50000,500,0.0005,11676.0,5.259
EA,4,50000,500,0.001,11968.0,4.608
EA,4,50000,500,0.002,11770.0,5.233
EA,4,50000,500,0.005,11342.0,5.528
EA,4,50000,500,0.01,10252.0,5.593
EA,4,50000,1000,0.0005,10319.0,5.583
EA,4,50000,1000,0.001,10799.0,5.123
EA,4,50000,1000,0.002,10880.0,5.179
EA,4,50000,1000,0.005,10072.0,5.539
EA,4,50000,1000,0.01,9247.0,5.156
EA,4,75000,20,0.0005,12911.0,4.446
EA,4,75000,20,0.001,12860.0,4.358
EA,4,75000,20,0.002,12902.0,4.433
EA,4,75000,20,0.005,12661.0,4.469
EA,4,75000,20,0.01,11274.0,4.685
EA,4,75000,50,0.0005,12812.0,4.875
EA,4,75000,50,0.001,12931.0,4.429
EA,4,75000,50,0.002,12894.0,4.463
EA,4,75000,50,0.005,12455.0,4.410
EA,4,75000,50,0.01,11232.0,4.895
EA,4,75000,100,0.0005,12865.0,4.448
EA,4,75000,100,0.001,12716.0,4.796
EA,4,75000,100,0.002,12753.0,4.474
EA,4,75000,100,0.005,12204.0,4.339
EA,4,75000,100,0.01,11317.0,4.384
EA,4,75000,200,0.0005,12726.0,4.409
EA,4,75000,200,0.001,12592.0,4.494
EA,4,75000,200,0.002,12575.0,4.915
EA,4,75000,200,0.005,11872.0,4.461
EA,4,75000,200,0.01,10767.0,4.528
EA,4,75000,500,0.0005,11676.0,4.683
EA,4,75000,500,0.001,11968.0,4.735
EA,4,75000,500,0.002,11770.0,4.678
EA,4,75000,500,0.005,11342.0,4.522
EA,4,75000,500,0.01,10252.0,5.059
EA,4,75000,1000,0.0005,10319.0,5.492
EA,4,75000,1000,0.001,10799.0,5.008
EA,4,75000,1000,0.002,10880.0,5.050
EA,4,75000,1000,0.005,10072.0,5.434
EA,4,75000,1000,0.01,9247.0,4.986
EA,4,100000,20,0.0005,12911.0,4.540
EA,4,100000,20,0.001,12860.0,4.728
EA,4,100000,20,0.002,12902.0,4.485
EA,4,100000,20,0.005,12661.0,5.049
EA,4,100000,20,0.01,11274.0,4.451
EA,4,100000,50,0.0005,12812.0,4.392
EA,4,100000,50,0.001,12931.0,4.947
EA,4,100000,50,0.002,12894.0,4.364
EA,4,100000,50,0.005,12455.0,4.457
EA,4,100000,50,0.01,11232.0,4.451
EA,4,100000,100,0.0005,12865.0,4.074
EA,4,100000,100,0.001,12716.0,4.358
EA,4,100000,100,0.002,12753.0,4.409
EA,4,100000,100,0.005,12204.0,4.432
EA,4,100000,100,0.01,11317.0,4.449
EA,4,100000,200,0.0005,12726.0,4.988
EA,4,100000,200,0.001,12592.0,4.016
EA,4,100000,200,0.002,12575.0,4.528
EA,4,100000,200,0.005,11872.0,4.505
EA,4,100000,200,0.01,10767.0,4.364
EA,4,100000,500,0.0005,11676.0,5.009
EA,4,100000,500,0.001,11968.0,4.724
EA,4,100000,500,0.002,11770.0,5.047
EA,4,100000,500,0.005,11342.0,5.161
EA,4,100000,500,0.01,10252.0,5.669
EA,4,100000,1000,0.0005,10319.0,6.327
EA,4,100000,1000,0.001,10799.0,5.037
EA,4,100000,1000,0.002,10880.0,6.878
EA,4,100000,1000,0.005,10072.0,6.250
EA,4,100000,1000,0.01,9247.0,6.264
EA,5,50000,20,0.0005,12901.0,4.300
EA,5,50000,20,0.001,12812.0,4.575
EA,5,50000,20,0.002,12915.0,4.441
EA,5,50000,20,0.005,12598.0,4.505
EA,5,50000,20,0.01,11557.0,4.432
EA,5,50000,50,0.0005,12856.0,4.487
EA,5,50000,50,0.001,12842.0,4.377
EA,5,50000,50,0.002,12782.0,4.852
EA,5,50000,50,0.005,12214.0,4.417
EA,5,50000,50,0.01,11310.0,5.340
EA,5,50000,100,0.0005,12774.0,5.202
EA,5,50000,100,0.001,12804.0,4.948
EA,5,50000,100,0.002,12750.0,4.320
EA,5,50000,100,0.005,12238.0,4.324
EA,5,50000,100,0.01,10961.0,4.425
EA,5,50000,200,0.0005,12693.0,4.397
EA,5,50000,200,0.001,12766.0,4.511
EA,5,50000,200,0.002,12498.0,4.539
EA,5,50000,200,0.005,12007.0,4.494
EA,5,50000,200,0.01,10824.0,4.471
EA,5,50000,500,0.0005,12072.0,5.115
EA,5,50000,500,0.001,11866.0,4.799
EA,5,50000,500,0.002,11905.0,4.647
EA,5,50000,500,0.005,11178.0,4.694
EA,5,50000,500,0.01,10152.0,4.670
EA,5,50000,1000,0.0005,10769.0,5.768
EA,5,50000,1000,0.001,11039.0,5.090
EA,5,50000,1000,0.002,10814.0,5.921
EA,5,50000,1000,0.005,10250.0,5.529
EA,5,50000,1000,0.01,8956.0,5.074
EA,5,75000,20,0.0005,12901.0,4.343
EA,5,75000,20,0.001,12812.0,4.405
EA,5,75000,20,0.002,12915.0,4.979
EA,5,75000,20,0.005,12598.0,4.340
EA,5,75000,20,0.01,11557.0,4.411
EA,5,75000,50,0.0005,12856.0,4.441
EA,5,75000,50,0.001,12842.0,4.328
EA,5,75000,50,0.002,12782.0,4.437
EA,5,75000,50,0.005,12214.0,4.449
EA,5,75000,50,0.01,11310.0,4.443
EA,5,75000,100,0.0005,12774.0,4.403
EA,5,75000,100,0.001,12804.0,4.384
EA,5,75000,100,0.002,12750.0,4.800
EA,5,75000,100,0.005,12238.0,4.870
EA,5,75000,100,0.01,10961.0,4.509
EA,5,75000,200,0.0005,12693.0,4.504
EA,5,75000,200,0.001,12766.0,4.337
EA,5,75000,200,0.002,12498.0,4.488
EA,5,75000,200,0.005,12007.0,5.126
EA,5,75000,200,0.01,10824.0,4.505
EA,5,75000,500,0.0005,12072.0,4.730
EA,5,75000,500,0.001,11866.0,4.609
EA,5,75000,500,0.002,11905.0,5.988
EA,5,75000,500,0.005,11178.0,5.113
EA,5,75000,500,0.01,10152.0,5.108
EA,5,75000,1000,0.0005,10769.0,6.126
EA,5,75000,1000,0.001,11039.0,5.575
EA,5,75000,1000,0.002,10814.0,5.186
EA,5,75000,1000,0.005,10250.0,6.562
EA,5,75000,1000,0.01,8956.0,5.468
EA,5,100000,20,0.0005,12901.0,4.828
EA,5,100000,20,0.001,12812.0,4.585
EA,5,100000,20,0.002,12915.0,4.521
EA,5,100000,20,0.005,12598.0,4.431
EA,5,100000,20,0.01,11557.0,5.349
EA,5,100000,50,0.0005,12856.0,4.766
EA,5,100000,50,0.001,12842.0,4.428
EA,5,100000,50,0.002,12782.0,4.422
EA,5,100000,50,0.005,12214.0,4.894
EA,5,100000,50,0.01,11310.0,4.448
EA,5,100000,100,0.0005,12774.0,4.365
EA,5,100000,100,0.001,12804.0,4.399
EA,5,100000,100,0.002,12750.0,4.838
EA,5,100000,100,0.005,12238.0,4.503
EA,5,100000,100,0.01,10961.0,4.439
EA,5,100000,200,0.0005,12693.0,4.496
EA,5,100000,200,0.001,12766.0,4.405
EA,5,100000,200,0.002,12498.0,4.523
EA,5,100000,200,0.005,12007.0,4.489
EA,5,100000,200,0.01,10824.0,4.498
EA,5,100000,500,0.0005,12072.0,4.665
EA,5,100000,500,0.001,11866.0,4.235
EA,5,100000,500,0.002,11905.0,4.741
EA,5,100000,500,0.005,11178.0,4.702
EA,5,100000,500,0.01,10152.0,4.603
EA,5,100000,1000,0.0005,10769.0,5.062
EA,5,100000,1000,0.001,11039.0,5.145
EA,5,100000,1000,0.002,10814.0,4.914
EA,5,100000,1000,0.005,10250.0,5.856
EA,5,100000,1000,0.01,8956.0,5.081
EA,6,50000,20,0.0005,12738.0,4.932
EA,6,50000,20,0.001,12836.0,4.748
EA,6,50000,20,0.002,12823.0,4.519
EA,6,50000,20,0.005,12457.0,4.403
EA,6,50000,20,0.01,11266.0,4.857
EA,6,50000,50,0.0005,12834.0,4.626
EA,6,50000,50,0.001,12780.0,4.464
EA,6,50000,50,0.002,12844.0,4.355
EA,6,50000,50,0.005,12349.0,4.743
EA,6,50000,50,0.01,11275.0,4.480
EA,6,50000,100,0.0005,12819.0,4.412
EA,6,50000,100,0.001,12931.0,4.320
EA,6,50000,100,0.002,12677.0,4.449
EA,6,50000,100,0.005,12027.0,4.356
EA,6,50000,100,0.01,11103.0,4.326
EA,6,50000,200,0.0005,12753.0,5.133
EA,6,50000,200,0.001,12660.0,4.692
EA,6,50000,200,0.002,12674.0,5.378
EA,6,50000,200,0.005,11798.0,4.454
EA,6,50000,200,0.01,10794.0,4.913
EA,6,50000,500,0.0005,11865.0,4.580
EA,6,50000,500,0.001,12097.0,5.116
EA,6,50000,500,0.002,11926.0,4.677
EA,6,50000,500,0.005,11152.0,5.906
EA,6,50000,500,0.01,9912.0,4.705
EA,6,50000,1000,0.0005,10411.0,5.586
EA,6,50000,1000,0.001,10773.0,5.361
EA,6,50000,1000,0.002,10788.0,5.530
EA,6,50000,1000,0.005,10097.0,5.129
EA,6,50000,1000,0.01,9253.0,5.427
EA,6,75000,20,0.0005,12738.0,4.488
EA,6,75000,20,0.001,12836.0,4.883
EA,6,75000,20,0.002,12823.0,4.440
EA,6,75000,20,0.005,12457.0,4.445
EA,6,75000,20,0.01,11266.0,4.358
EA,6,75000,50,0.0005,12834.0,4.330
EA,6,75000,50,0.001,12780.0,4.465
EA,6,75000,50,0.002,12844.0,4.338
EA,6,75000,50,0.005,12349.0,4.495
EA,6,75000,50,0.01,11275.0,4.834
EA,6,75000,100,0.0005,12819.0,4.429
EA,6,75000,100,0.001,12931.0,4.499
EA,6,75000,100,0.002,12677.0,4.444
EA,6,75000,100,0.005,12027.0,4.818
EA,6,75000,100,0.01,11103.0,4.887
EA,6,75000,200,0.0005,12753.0,4.903
EA,6,75000,200,0.001,12660.0,4.554
EA,6,75000,200,0.002,12674.0,4.505
EA,6,75000,200,0.005,11798.0,4.524
EA,6,75000,200,0.01,10794.0,4.515
EA,6,75000,500,0.0005,11865.0,4.632
EA,6,75000,500,0.001,12097.0,4.686
EA,6,75000,500,0.002,11926.0,5.170
EA,6,75000,500,0.005,11152.0,5.120
EA,6,75000,500,0.01,9912.0,4.674
EA,6,75000,1000,0.0005,10411.0,4.968
EA,6,75000,1000,0.001,10773.0,6.241
EA,6,75000,1000,0.002,10788.0,6.060
EA,6,75000,1000,0.005,10097.0,5.098
EA,6,75000,1000,0.01,9253.0,5.764
EA,6,100000,20,0.0005,12738.0,4.360
EA,6,100000,20,0.001,12836.0,4.273
EA,6,100000,20,0.002,12823.0,4.358
EA,6,100000,20,0.005,12457.0,4.429
EA,6,100000,20,0.01,11266.0,4.482
EA,6,100000,50,0.0005,12834.0,4.467
EA,6,100000,50,0.001,12780.0,4.860
EA,6,100000,50,0.002,12844.0,4.436
EA,6,100000,50,0.005,12349.0,4.379
EA,6,100000,50,0.01,11275.0,4.441
EA,6,100000,100,0.0005,12819.0,4.460
EA,6,100000,100,0.001,12931.0,4.442
EA,6,100000,100,0.002,12677.0,4.920
EA,6,100000,100,0.005,12027.0,4.847
EA,6,100000,100,0.01,11103.0,4.462
EA,6,100000,200,0.0005,12753.0,4.730
EA,6,100000,200,0.001,12660.0,3.936
EA,6,100000,200,0.002,12674.0,4.487
EA,6,100000,200,0.005,11798.0,4.417
EA,6,100000,200,0.01,10794.0,4.836
EA,6,100000,500,0.0005,11865.0,4.687
EA,6,100000,500,0.001,12097.0,5.056
EA,6,100000,500,0.002,11926.0,4.657
EA,6,100000,500,0.005,11152.0,5.510
EA,6,100000,500,0.01,9912.0,5.953
EA,6,100000,1000,0.0005,10411.0,5.449
EA,6,100000,1000,0.001,10773.0,5.005
EA,6,100000,1000,0.002,10788.0,5.534
EA,6,100000,1000,0.005,10097.0,5.440
EA,6,100000,1000,0.01,9253.0,5.087
EA,7,50000,20,0.0005,12867.0,4.337
EA,7,50000,20,0.001,12754.0,4.956
EA,7,50000,20,0.002,12776.0,4.458
EA,7,50000,20,0.005,12570.0,4.487
EA,7,50000,20,0.01,11327.0,4.923
EA,7,50000,50,0.0005,12925.0,4.337
EA,7,50000,50,0.001,12853.0,4.456
EA,7,50000,50,0.002,12893.0,4.338
EA,7,50000,50,0.005,12298.0,4.830
EA,7,50000,50,0.01,11229.0,4.478
EA,7,50000,100,0.0005,12854.0,4.838
EA,7,50000,100,0.001,12775.0,4.381
EA,7,50000,100,0.002,12580.0,4.483
EA,7,50000,100,0.005,11991.0,4.831
EA,7,50000,100,0.01,11043.0,4.497
EA,7,50000,200,0.0005,12729.0,4.830
EA,7,50000,200,0.001,12800.0,4.504
EA,7,50000,200,0.002,12681.0,4.941
EA,7,50000,200,0.005,12004.0,4.465
EA,7,50000,200,0.01,10815.0,4.475
EA,7,50000,500,0.0005,12011.0,5.459
EA,7,50000,500,0.001,12221.0,4.683
EA,7,50000,500,0.002,11707.0,4.793
EA,7,50000,500,0.005,11370.0,5.212
EA,7,50000,500,0.01,10053.0,4.493
EA,7,50000,1000,0.0005,10935.0,5.734
EA,7,50000,1000,0.001,10795.0,5.561
EA,7,50000,1000,0.002,11166.0,5.196
EA,7,50000,1000,0.005,10371.0,4.754
EA,7,50000,1000,0.01,9304.0,5.589
EA,7,75000,20,0.0005,12867.0,4.304
EA,7,75000,20,0.001,12754.0,4.461
EA,7,75000,20,0.002,12776.0,4.865
EA,7,75000,20,0.005,12570.0,4.334
EA,7,75000,20,0.01,11327.0,4.456
EA,7,75000,50,0.0005,12925.0,4.447
EA,7,75000,50,0.001,12853.0,4.767
EA,7,75000,50,0.002,12893.0,4.730
EA,7,75000,50,0.005,12298.0,4.420
EA,7,75000,50,0.01,11229.0,4.859
EA,7,75000,100,0.0005,12854.0,4.434
EA,7,75000,100,0.001,12775.0,4.829
EA,7,75000,100,0.002,12580.0,4.453
EA,7,75000,100,0.005,11991.0,4.466
EA,7,75000,100,0.01,11043.0,4.641
EA,7,75000,200,0.0005,12729.0,4.479
EA,7,75000,200,0.001,12800.0,4.091
EA,7,75000,200,0.002,12681.0,4.548
EA,7,75000,200,0.005,12004.0,4.394
EA,7,75000,200,0.01,10815.0,4.829
EA,7,75000,500,0.0005,12011.0,4.699
EA,7,75000,500,0.001,12221.0,4.613
EA,7,75000,500,0.002,11707.0,5.052
EA,7,75000,500,0.005,11370.0,5.567
EA,7,75000,500,0.01,10053.0,4.740
EA,7,75000,1000,0.0005,10935.0,5.116
EA,7,75000,1000,0.001,10795.0,5.120
EA,7,75000,1000,0.002,11166.0,5.487
EA,7,75000,1000,0.005,10371.0,5.863
EA,7,75000,1000,0.01,9304.0,5.094
EA,7,100000,20,0.0005,12867.0,5.072
EA,7,100000,20,0.001,12754.0,4.750
EA,7,100000,20,0.002,12776.0,4.539
EA,7,100000,20,0.005,12570.0,4.445
EA,7,100000,20,0.01,11327.0,4.455
EA,7,100000,50,0.0005,12925.0,4.404
EA,7,100000,50,0.001,12853.0,4.456
EA,7,100000,50,0.002,12893.0,4.491
EA,7,100000,50,0.005,12298.0,4.467
EA,7,100000,50,0.01,11229.0,4.449
EA,7,100000,100,0.0005,12854.0,4.716
EA,7,100000,100,0.001,12775.0,4.455
EA,7,100000,100,0.002,12580.0,4.828
EA,7,100000,100,0.005,11991.0,4.439
EA,7,100000,100,0.01,11043.0,4.357
EA,7,100000,200,0.0005,12729.0,4.925
EA,7,100000,200,0.001,12800.0,4.478
EA,7,100000,200,0.002,12681.0,4.413
EA,7,100000,200,0.005,12004.0,4.401
EA,7,100000,200,0.01,10815.0,4.523
EA,7,100000,500,0.0005,12011.0,6.026
EA,7,100000,500,0.001,12221.0,4.620
EA,7,100000,500,0.002,11707.0,4.646
EA,7,100000,500,0.005,11370.0,4.639
EA,7,100000,500,0.01,10053.0,5.158
EA,7,100000,1000,0.0005,10935.0,5.126
EA,7,100000,1000,0.001,10795.0,5.310
EA,7,100000,1000,0.002,11166.0,6.460
EA,7,100000,1000,0.005,10371.0,5.444
EA,7,100000,1000,0.01,9304.0,5.934
EA,8,50000,20,0.0005,12835.0,4.782
EA,8,50000,20,0.001,12839.0,4.443
EA,8,50000,20,0.002,12821.0,4.766
EA,8,50000,20,0.005,12452.0,4.376
EA,8,50000,20,0.01,11347.0,4.436
EA,8,50000,50,0.0005,12646.0,4.403
EA,8,50000,50,0.001,12789.0,4.399
EA,8,50000,50,0.002,12810.0,4.434
EA,8,50000,50,0.005,12399.0,4.906
EA,8,50000,50,0.01,11274.0,4.436
EA,8,50000,100,0.0005,12830.0,5.264
EA,8,50000,100,0.001,12785.0,4.421
EA,8,50000,100,0.002,12638.0,4.440
EA,8,50000,100,0.005,12027.0,4.349
EA,8,50000,100,0.01,10753.0,4.394
EA,8,50000,200,0.0005,12685.0,4.514
EA,8,50000,200,0.001,12577.0,4.968
EA,8,50000,200,0.002,12395.0,4.498
EA,8,50000,200,0.005,11812.0,4.494
EA,8,50000,200,0.01,10266.0,4.453
EA,8,50000,500,0.0005,12018.0,4.816
EA,8,50000,500,0.001,11790.0,5.495
EA,8,50000,500,0.002,11841.0,5.190
EA,8,50000,500,0.005,11195.0,4.678
EA,8,50000,500,0.01,10116.0,5.049
EA,8,50000,1000,0.0005,10636.0,5.968
EA,8,50000,1000,0.001,10874.0,5.047
EA,8,50000,1000,0.002,10639.0,6.296
EA,8,50000,1000,0.005,10185.0,5.166
EA,8,50000,1000,0.01,9090.0,5.448
EA,8,75000,20,0.0005,12835.0,4.270
EA,8,75000,20,0.001,12839.0,4.569
EA,8,75000,20,0.002,12821.0,4.529
EA,8,75000,20,0.005,12452.0,4.222
EA,8,75000,20,0.01,11347.0,4.419
EA,8,75000,50,0.0005,12646.0,4.451
EA,8,75000,50,0.001,12789.0,4.473
EA,8,75000,50,0.002,12810.0,4.389
EA,8,75000,50,0.005,12399.0,4.352
EA,8,75000,50,0.01,11274.0,4.467
EA,8,75000,100,0.0005,12830.0,4.469
EA,8,75000,100,0.001,12785.0,4.787
EA,8,75000,100,0.002,12638.0,4.431
EA,8,75000,100,0.005,12027.0,4.349
EA,8,75000,100,0.01,10753.0,4.365
EA,8,75000,200,0.0005,12685.0,4.513
EA,8,75000,200,0.001,12577.0,4.344
EA,8,75000,200,0.002,12395.0,4.771
EA,8,75000,200,0.005,11812.0,4.969
EA,8,75000,200,0.01,10266.0,5.392
EA,8,75000,500,0.0005,12018.0,5.174
EA,8,75000,500,0.001,11790.0,5.265
EA,8,75000,500,0.002,11841.0,5.113
EA,8,75000,500,0.005,11195.0,5.109
EA,8,75000,500,0.01,10116.0,5.108
EA,8,75000,1000,0.0005,10636.0,4.863
EA,8,75000,1000,0.001,10874.0,5.035
EA,8,75000,1000,0.002,10639.0,6.465
EA,8,75000,1000,0.005,10185.0,5.729
EA,8,75000,1000,0.01,9090.0,5.415
EA,8,100000,20,0.0005,12835.0,4.425
EA,8,100000,20,0.001,12839.0,4.452
EA,8,100000,20,0.002,12821.0,4.549
EA,8,100000,20,0.005,12452.0,4.796
EA,8,100000,20,0.01,11347.0,4.577
EA,8,100000,50,0.0005,12646.0,4.318
EA,8,100000,50,0.001,12789.0,4.496
EA,8,100000,50,0.002,12810.0,4.460
EA,8,100000,50,0.005,12399.0,4.456
EA,8,100000,50,0.01,11274.0,4.428
EA,8,100000,100,0.0005,12830.0,4.456
EA,8,100000,100,0.001,12785.0,4.422
EA,8,100000,100,0.002,12638.0,4.466
EA,8,100000,100,0.005,12027.0,4.421
EA,8,100000,100,0.01,10753.0,4.496
EA,8,100000,200,0.0005,12685.0,4.388
EA,8,100000,200,0.001,12577.0,4.467
EA,8,100000,200,0.002,12395.0,4.435
EA,8,100000,200,0.005,11812.0,4.931
EA,8,100000,200,0.01,10266.0,4.481
EA,8,100000,500,0.0005,12018.0,4.805
EA,8,100000,500,0.001,11790.0,5.530
EA,8,100000,500,0.002,11841.0,4.673
EA,8,100000,500,0.005,11195.0,4.623
EA,8,100000,500,0.01,10116.0,4.715
EA,8,100000,1000,0.0005,10636.0,5.108
EA,8,100000,1000,0.001,10874.0,5.020
EA,8,100000,1000,0.002,10639.0,6.038
EA,8,100000,1000,0.005,10185.0,5.477
EA,8,100000,1000,0.01,9090.0,5.448
EA,9,50000,20,0.0005,12849.0,4.880
EA,9,50000,20,0.001,12889.0,4.444
EA,9,50000,20,0.002,12660.0,4.311
EA,9,50000,20,0.005,12471.0,4.456
EA,9,50000,20,0.01,11460.0,4.474
EA,9,50000,50,0.0005,12873.0,4.349
EA,9,50000,50,0.001,12927.0,4.476
EA,9,50000,50,0.002,12836.0,4.753
EA,9,50000,50,0.005,12420.0,4.478
EA,9,50000,50,0.01,11183.0,4.380
EA,9,50000,100,0.0005,12596.0,4.361
EA,9,50000,100,0.001,12836.0,4.416
EA,9,50000,100,0.002,12815.0,4.852
EA,9,50000,100,0.005,12207.0,4.451
EA,9,50000,100,0.01,10878.0,4.299
EA,9,50000,200,0.0005,12717.0,4.912
EA,9,50000,200,0.001,12728.0,4.428
EA,9,50000,200,0.002,12409.0,4.525
EA,9,50000,200,0.005,11960.0,4.824
EA,9,50000,200,0.01,10704.0,4.397
EA,9,50000,500,0.0005,11832.0,4.591
EA,9,50000,500,0.001,11860.0,4.691
EA,9,50000,500,0.002,11870.0,4.694
EA,9,50000,500,0.005,11399.0,4.683
EA,9,50000,500,0.01,10098.0,5.140
EA,9,50000,1000,0.0005,10685.0,5.057
EA,9,50000,1000,0.001,10967.0,6.060
EA,9,50000,1000,0.002,10928.0,6.057
EA,9,50000,1000,0.005,10488.0,5.128
EA,9,50000,1000,0.01,9173.0,4.972
EA,9,75000,20,0.0005,12849.0,4.486
EA,9,75000,20,0.001,12889.0,4.493
EA,9,75000,20,0.002,12660.0,4.343
EA,9,75000,20,0.005,12471.0,4.606
EA,9,75000,20,0.01,11460.0,4.500
EA,9,75000,50,0.0005,12873.0,4.490
EA,9,75000,50,0.001,12927.0,4.871
EA,9,75000,50,0.002,12836.0,4.470
EA,9,75000,50,0.005,12420.0,4.392
EA,9,75000,50,0.01,11183.0,4.372
EA,9,75000,100,0.0005,12596.0,4.337
EA,9,75000,100,0.001,12836.0,4.466
EA,9,75000,100,0.002,12815.0,4.442
EA,9,75000,100,0.005,12207.0,4.455
EA,9,75000,100,0.01,10878.0,4.332
EA,9,75000,200,0.0005,12717.0,4.403
EA,9,75000,200,0.001,12728.0,4.375
EA,9,75000,200,0.002,12409.0,4.436
EA,9,75000,200,0.005,11960.0,4.453
EA,9,75000,200,0.01,10704.0,4.868
EA,9,75000,500,0.0005,11832.0,4.819
EA,9,75000,500,0.001,11860.0,4.704
EA,9,75000,500,0.002,11870.0,5.219
EA,9,75000,500,0.005,11399.0,5.145
EA,9,75000,500,0.01,10098.0,4.674
EA,9,75000,1000,0.0005,10685.0,5.035
EA,9,75000,1000,0.001,10967.0,5.070
EA,9,75000,1000,0.002,10928.0,5.151
EA,9,75000,1000,0.005,10488.0,5.089
EA,9,75000,1000,0.01,9173.0,5.443
EA,9,100000,20,0.0005,12849.0,4.420
EA,9,100000,20,0.001,12889.0,4.964
EA,9,100000,20,0.002,12660.0,4.391
EA,9,100000,20,0.005,12471.0,4.578
EA,9,100000,20,0.01,11460.0,4.321
EA,9,100000,50,0.0005,12873.0,4.815
EA,9,100000,50,0.001,12927.0,4.855
EA,9,100000,50,0.002,12836.0,4.369
EA,9,100000,50,0.005,12420.0,4.756
EA,9,100000,50,0.01,11183.0,4.342
EA,9,100000,100,0.0005,12596.0,4.459
EA,9,100000,100,0.001,12836.0,4.474
EA,9,100000,100,0.002,12815.0,4.767
EA,9,100000,100,0.005,12207.0,4.444
EA,9,100000,100,0.01,10878.0,4.421
EA,9,100000,200,0.0005,12717.0,4.531
EA,9,100000,200,0.001,12728.0,5.231
EA,9,100000,200,0.002,12409.0,4.862
EA,9,100000,200,0.005,11960.0,4.548
EA,9,100000,200,0.01,10704.0,4.479
EA,9,100000,500,0.0005,11832.0,4.658
EA,9,100000,500,0.001,11860.0,4.695
EA,9,100000,500,0.002,11870.0,4.681
EA,9,100000,500,0.005,11399.0,5.133
EA,9,100000,500,0.01,10098.0,4.694
EA,9,100000,1000,0.0005,10685.0,5.446
EA,9,100000,1000,0.001,10967.0,5.639
EA,9,100000,1000,0.002,10928.0,5.202
EA,9,100000,1000,0.005,10488.0,5.956
EA,9,100000,1000,0.01,9173.0,5.965
